FileID,Emotion
141,hap
142,dis
145,ang
146,hap
162,ang
163,hap
166,hap
167,hap
168,hap
172,sur
173,sur
178,sur
179,fea
180,ang
182,sur
192,sur
193,sur
195,sur
197,sur
201,sur
203,neu
211,dis
212,neu
215,neu
218,fea
220,neu
228,neu
234,sur
244,dis
248,sur
252,ang
253,ang
254,sur
268,dis
275,dis
281,dis
282,sur
288,dis
291,ang
296,ang
297,ang
298,ang
305,sur
310,ang
311,ang
312,sur
314,hap
319,ang
321,ang
325,ang
326,ang
335,sad
337,ang
339,dis
342,sad
343,dis
356,dis
1677,hap
1678,hap
1679,hap
1683,hap
1685,ang
1690,sur
1692,sur
1693,sur
1695,dis
1700,neu
1701,neu
1702,neu
1705,neu
1707,sad
1709,fea
1711,fea
1714,fea
1716,fea
1717,sad
1722,dis
1723,neu
1725,dis
1726,ang
1727,dis
1729,dis
1733,ang
1740,ang
1743,sad
1744,sad
1747,sad
1750,sad
1752,sad
1977,hap
1979,hap
1980,sad
1981,sur
1985,fea
1991,sad
1994,ang
1996,sur
1998,sur
2004,sur
2006,sur
2011,neu
2014,ang
2016,neu
2017,neu
2018,neu
2019,sad
2022,fea
2023,neu
2024,neu
2027,dis
2030,fea
2035,fea
2038,fea
2040,fea
2043,dis
2048,sad
2049,sad
2051,neu
2052,fea
2055,neu
2058,dis
2060,dis
2061,ang
2062,ang
2065,ang
2066,ang
2071,ang
2073,sad
2085,sad
2086,sad
2093,sad
2199,hap
2201,ang
2202,hap
2204,hap
2208,sur
2212,sad
2213,hap
2214,hap
2220,sur
2221,sur
2223,sur
2224,sur
2225,sur
2226,sur
2227,sur
2229,sur
2233,neu
2240,neu
2241,neu
2243,neu
2244,neu
2245,neu
2246,neu
2249,neu
2250,neu
2256,sad
2257,fea
2258,sad
2259,fea
2269,sad
2275,dis
2276,dis
2280,dis
2281,dis
2288,ang
2293,ang
2298,dis
2302,sad
2304,sad
2305,sad
2307,sad
2309,sad
2311,sad
2315,sad
2436,hap
2446,hap
2452,hap
2457,dis
2458,dis
2464,sur
2465,sur
2468,neu
2470,neu
2476,neu
2481,neu
2488,sad
2493,fea
2494,fea
2495,fea
2499,fea
2501,fea
2503,fea
2504,sad
2505,dis
2510,dis
2515,dis
2517,dis
2518,sad
2519,dis
2521,ang
2528,neu
2529,ang
2532,ang
2538,sad
2539,sad
2546,sad
2548,sad
2549,sad
2551,sad
2553,sad
6223,hap
6233,hap
6237,sur
6240,ang
6242,sur
6243,sur
6244,sur
6246,sur
6247,sur
6248,sur
6249,neu
6254,neu
6259,neu
6260,neu
6265,hap
6267,ang
6269,ang
6270,fea
6271,ang
6274,fea
6284,dis
6287,ang
6288,ang
6289,dis
6292,dis
6293,ang
6295,ang
6298,ang
6299,ang
6304,ang
6306,ang
6307,sur
6309,sad
6315,dis
6317,sad
6319,sad
8320,hap
8326,hap
8327,hap
8339,hap
8346,fea
8347,dis
8348,sur
8349,sur
8351,neu
8353,neu
8354,neu
8358,neu
8359,neu
8362,neu
8363,neu
8364,neu
8366,sad
8372,fea
8376,fea
8381,dis
8384,dis
8385,neu
8393,dis
8394,ang
8397,ang
8399,ang
8401,dis
8403,ang
8404,ang
8405,ang
8411,sad
8415,sad
8416,sad
8417,sad
8419,sad
8420,dis
8421,sad
8422,sad
8425,sad
9723,hap
9726,hap
9728,sur
9732,hap
9733,hap
9734,ang
9739,sur
9740,sur
9754,neu
9756,neu
9757,neu
9766,fea
9767,fea
9773,fea
9774,fea
9777,fea
9784,fea
9786,sur
9794,dis
9797,ang
9798,ang
9799,ang
9805,ang
9806,ang
9810,ang
9812,sad
9813,sad
9822,sad
9825,sad
10037,hap
10039,hap
10042,hap
10045,hap
10050,hap
10052,dis
10058,sur
10063,sur
10065,sur
10067,neu
10069,neu
10070,neu
10076,neu
10077,neu
10079,hap
10082,fea
10085,fea
10088,fea
10093,fea
10096,dis
10097,dis
10102,fea
10105,dis
10106,dis
10107,dis
10108,dis
10115,ang
10117,ang
10120,ang
10125,ang
10127,sad
10128,sad
10130,hap
10131,sad
10133,sad
10136,sad
10139,sad
10141,hap
10142,hap
10143,hap
10146,hap
10148,hap
10149,hap
10150,hap
10152,hap
10154,hap
10156,sur
10157,sur
10161,sur
10167,sur
10176,neu
10178,neu
10181,neu
10186,fea
10189,fea
10190,fea
10193,fea
10194,fea
10195,fea
10198,fea
10199,fea
10200,sur
10201,dis
10202,dis
10205,dis
10214,sur
10216,ang
10218,ang
10222,ang
10223,ang
10227,ang
10228,ang
10231,sad
10235,sad
10237,fea
10239,fea
11171,fea
11172,fea
11173,sad
11174,neu
11184,dis
11186,neu
11189,sad
11190,sur
11191,ang
11193,fea
11197,sur
11198,sur
11200,sur
11201,sad
11203,fea
11205,ang
11207,fea
11210,fea
11211,dis
11213,sur
11223,neu
11224,sad
11230,sad
11231,hap
11232,dis
11233,sur
11234,fea
11243,neu
11249,sur
11252,hap
11253,sur
11255,fea
11258,neu
11263,hap
11274,ang
11278,neu
11281,dis
11282,sur
11283,dis
11284,dis
11286,neu
11290,dis
11292,hap
11293,sad
11296,ang
11303,ang
11309,sur
11319,sur
11321,neu
11323,ang
11325,ang
11329,sad
11332,dis
11335,ang
11337,sur
11340,fea
11343,hap
11346,dis
11347,dis
11349,sad
11350,sad
11351,sur
11352,ang
11353,ang
11357,dis
11359,ang
11360,dis
11364,sad
11372,sur
11373,ang
11374,dis
11375,ang
11376,sad
11381,ang
11382,dis
11387,ang
11390,neu
11394,ang
11397,dis
11398,sad
11400,sur
11406,sad
11407,fea
11411,neu
11412,sur
11414,sur
11419,dis
11420,sur
11422,sur
11424,fea
11425,dis
11426,fea
11427,sad
11429,dis
11430,dis
11431,fea
11432,fea
11436,sur
11439,dis
11441,neu
11443,dis
11444,fea
11447,hap
11449,sur
11450,ang
11453,hap
11461,sad
11467,hap
11470,sur
11472,sad
11478,sur
11480,hap
11487,dis
11488,sur
11489,neu
11491,sur
11493,dis
11494,neu
11496,neu
11503,neu
11510,sad
11512,sur
11513,ang
11515,sad
11520,ang
11522,fea
11530,fea
11542,sad
11546,hap
11553,sad
11556,dis
11559,sad
11560,dis
11561,sur
11562,hap
11564,dis
11565,ang
11568,hap
11578,dis
11583,sad
11588,fea
11590,sur
11597,hap
11598,neu
11601,sur
11604,ang
11607,dis
11608,ang
11609,fea
11610,neu
11619,dis
11621,sur
11622,neu
11625,sur
11627,fea
11630,neu
11633,fea
11637,dis
11639,fea
14461,fea
14463,hap
14465,fea
14467,neu
14469,hap
14475,sad
14476,sur
14478,fea
14480,dis
14483,hap
14484,sur
14486,sur
14489,sad
14490,hap
14493,sur
14495,neu
14502,sad
14506,sad
14508,ang
14509,sad
14510,sur
14513,sad
14515,ang
14518,hap
14523,hap
14525,hap
14528,sur
14529,neu
14530,sad
14533,neu
14538,fea
14541,sad
14544,ang
14546,hap
14547,neu
14549,ang
14551,neu
14562,sad
14571,sad
14575,neu
14577,hap
14581,hap
14582,dis
14592,ang
14595,hap
14609,sad
14615,sad
14616,dis
14617,sad
14622,sur
14625,sad
14626,neu
14631,ang
14641,ang
14645,neu
14646,sad
14651,sad
14652,neu
14656,ang
14657,sad
14672,hap
14674,sad
14675,fea
14680,sur
14681,sad
14682,sur
14690,ang
14698,neu
14700,hap
14704,ang
14710,sur
14715,dis
14716,sad
14717,sur
14718,ang
14720,fea
14724,neu
14727,dis
14735,sad
14740,dis
14741,neu
14744,sad
14747,dis
14748,neu
14750,neu
14754,ang
14755,neu
14760,ang
14761,dis
14763,hap
14774,dis
14776,sad
14786,sad
14789,hap
14796,sur
14797,sad
14799,neu
14802,ang
14803,dis
14807,sad
14808,neu
14809,fea
14810,sad
14812,neu
14817,sad
14818,neu
14830,sad
14833,fea
14835,hap
14838,hap
14839,dis
14841,sad
14844,dis
14849,ang
14851,hap
14857,sad
14865,ang
14868,sad
14869,ang
14870,neu
14876,hap
14877,neu
14880,sad
14886,hap
14890,sad
14892,sad
14893,neu
14898,dis
14900,sad
14901,ang
14902,fea
14905,neu
14911,neu
14912,neu
14917,ang
14920,sad
14921,neu
14923,neu
14927,neu
26839,fea
26844,ang
26845,sad
26847,ang
26849,sur
26854,sad
26855,dis
26857,neu
26860,dis
26862,hap
26865,sur
26866,dis
26868,ang
26870,neu
26871,sad
26875,sur
26880,ang
26881,dis
26883,ang
26889,sad
26891,dis
26896,fea
26903,sad
26905,sad
26906,dis
26907,ang
26917,ang
26918,neu
26922,ang
26924,ang
26928,sur
26931,fea
26932,ang
26935,ang
26939,dis
26940,neu
26947,neu
26948,fea
26949,sur
26952,fea
26954,neu
26955,dis
26957,ang
26960,ang
26961,neu
26962,sad
26972,ang
26975,dis
26978,ang
26982,sur
26984,neu
26988,sur
26991,ang
26993,sad
26994,sur
27000,ang
27002,sad
27003,dis
27006,neu
27008,sur
27016,sad
27018,sad
27019,dis
27021,dis
27025,sad
27028,dis
27032,sad
27035,dis
27037,neu
27041,ang
27042,neu
27045,dis
27046,sad
27048,neu
27049,sad
27050,sad
27055,ang
27056,fea
27059,ang
27063,sur
27064,sad
27065,sur
27067,dis
27071,sur
27072,sad
27075,ang
27076,fea
27077,sad
27080,dis
27088,sad
27090,sad
27097,dis
27098,sur
27101,sad
27107,dis
27124,fea
27125,ang
27135,dis
27136,neu
27138,sad
27144,fea
27145,dis
27147,sur
27153,ang
27154,sur
27158,sad
27160,sur
27162,sad
27163,hap
27167,ang
27170,dis
27171,dis
27177,sad
27178,dis
27181,dis
27182,sad
27185,sad
27186,sad
27188,ang
27190,ang
27195,dis
27197,neu
27203,dis
27205,sur
27209,sad
27210,sad
27211,sad
27212,ang
27213,neu
27214,sad
27217,fea
27220,sad
27221,sad
27223,ang
27224,neu
27227,sad
27230,sad
27234,ang
27235,sad
27236,ang
27239,ang
27246,neu
27249,sad
27251,dis
27252,neu
27255,ang
27260,hap
27262,neu
27265,sur
27270,ang
27272,ang
27273,ang
27278,sad
27282,sad
27290,neu
27291,sad
27292,ang
27300,ang
27301,ang
27304,ang
27306,neu
27779,neu
27780,hap
27782,sad
27788,sur
27789,fea
27791,sad
27793,fea
27794,neu
27797,sur
27799,sur
27800,fea
27801,hap
27802,neu
27817,sad
27822,hap
27825,sur
27826,ang
27827,dis
27829,ang
27832,sur
27833,neu
27834,sad
27836,neu
27845,dis
27851,ang
27854,dis
27855,dis
27857,sad
27860,sur
27862,dis
27865,ang
27875,sur
27880,sad
27882,fea
27887,sad
27892,hap
27896,ang
27897,fea
27900,neu
27902,sad
27909,sur
27911,fea
27912,ang
27916,sur
27917,dis
27919,dis
27920,sad
27922,sad
27924,sur
27926,fea
27927,sur
27935,dis
27936,fea
27942,neu
27950,sad
27957,sad
27961,fea
27968,fea
27971,sad
27975,sad
27976,hap
27983,hap
27988,fea
27992,sur
27993,sur
27998,neu
28007,dis
28009,dis
28011,hap
28014,sur
28016,neu
28028,neu
28031,fea
28034,sad
28038,fea
28045,sur
28046,hap
28047,neu
28054,dis
28055,sad
28061,ang
28067,sur
28069,sad
28077,sur
28078,ang
28079,dis
28090,ang
28091,sur
28093,sad
28096,sur
28098,dis
28099,sur
28100,fea
28102,sur
28104,sad
28105,sur
28111,sad
28116,fea
28117,dis
28118,fea
28121,dis
28128,sur
28132,neu
28134,sur
28136,dis
28139,hap
28142,sur
28143,hap
28147,neu
28149,sad
28152,sad
28156,hap
28158,sad
28159,hap
28183,neu
28184,sad
28185,neu
28190,fea
28194,fea
28195,hap
28196,fea
29137,ang
29138,hap
29141,neu
29142,sad
29145,sur
29146,fea
29149,neu
29152,dis
29153,fea
29157,fea
29160,neu
29161,hap
29165,fea
29168,hap
29170,sad
29176,sad
29179,ang
29182,sur
29186,ang
29190,sad
29191,sur
29192,ang
29193,ang
29199,sur
29202,neu
29203,sad
29205,hap
29211,sad
29212,ang
29220,ang
29221,fea
29222,hap
29225,sur
29227,neu
29228,fea
29232,sur
29237,neu
29238,hap
29240,neu
29241,ang
29245,sad
29246,sur
29247,ang
29249,sad
29251,fea
29254,dis
29259,sad
29264,neu
29266,sad
29267,sur
29268,ang
29272,neu
29273,sad
29277,neu
29278,neu
29279,neu
29284,sad
29287,sad
29290,neu
29293,neu
29297,neu
29307,neu
29312,sad
29314,sad
29319,sad
29320,hap
29322,sad
29327,hap
29328,sad
29329,sad
29330,sur
29346,ang
29347,fea
29349,neu
29350,sad
29358,dis
29359,fea
29362,neu
29370,sad
29376,hap
29377,neu
29385,sad
29389,sad
29393,ang
29395,ang
29399,fea
29401,dis
29405,neu
29408,ang
29410,sur
29412,neu
29419,neu
29421,sur
29423,ang
29425,hap
29426,sad
29427,hap
29432,sad
29438,fea
29439,neu
29442,dis
29445,neu
29446,hap
29447,neu
29449,fea
29450,ang
29452,dis
29454,neu
29456,sad
29458,ang
29464,ang
29466,ang
29468,dis
29469,dis
29470,sur
29471,sad
29472,ang
29473,ang
29474,neu
29475,dis
29482,neu
29483,neu
29485,sur
29486,neu
29487,hap
29488,hap
29489,sad
29490,dis
29493,sad
29494,sad
29495,neu
29496,ang
29499,sad
29500,neu
29501,sad
29503,ang
29507,sad
29508,dis
29516,fea
29520,sad
29524,fea
29527,neu
29534,sad
29535,dis
29541,ang
29545,ang
29547,neu
29548,ang
29550,ang
29552,sad
29554,sad
29555,dis
29561,neu
29563,neu
29571,hap
29573,sur
29574,dis
29577,ang
29580,neu
29581,neu
29583,neu
29585,ang
29589,ang
29590,ang
29592,sad
29593,sur
29596,neu
29604,hap
35096,sad
35098,neu
35104,hap
35107,sur
35109,dis
35112,dis
35113,fea
35114,fea
35116,dis
35120,neu
35122,hap
35123,sad
35128,sur
35129,dis
35130,dis
35131,hap
35132,hap
35133,neu
35134,hap
35137,dis
35138,sur
35139,hap
35141,sad
35146,hap
35147,sad
35151,fea
35152,sad
35158,neu
35159,sur
35161,ang
35164,fea
35171,ang
35172,ang
35180,fea
35186,dis
35188,hap
35195,neu
35197,sad
35202,hap
35204,sad
35206,hap
35208,neu
35216,hap
35217,neu
35221,ang
35222,fea
35223,hap
35229,sur
35232,ang
35233,sur
35235,sad
35236,fea
35238,sur
35239,neu
35240,sur
35241,neu
35248,ang
35255,fea
35259,neu
35260,sad
35266,neu
35268,hap
35271,fea
35272,neu
35275,fea
35276,ang
35282,sur
35285,sad
35289,hap
35290,dis
35291,hap
35294,dis
35307,hap
35309,sad
35310,sur
35312,sur
35316,fea
35319,ang
35323,sad
35324,sur
35327,hap
35328,hap
35330,sad
35332,hap
35335,hap
35336,neu
35337,sad
35338,fea
35341,fea
35356,neu
35357,neu
35358,neu
35360,ang
35362,sad
35364,neu
35368,neu
35369,sur
35370,hap
35376,sad
35380,sur
35382,dis
35386,sad
35389,ang
35392,sad
35393,sad
35402,sur
35403,hap
35412,hap
35414,sad
35415,ang
35416,ang
35417,fea
35423,ang
35426,hap
35431,dis
35433,fea
35442,fea
35443,sur
35444,ang
35445,dis
35449,sur
35451,dis
35454,neu
35456,ang
35458,hap
35459,fea
35461,sur
35465,ang
35469,neu
35471,dis
35485,sad
35494,neu
35495,sad
35500,neu
35501,ang
35502,neu
35506,neu
35515,dis
35522,sad
35523,sad
35528,ang
35530,hap
35534,neu
35537,hap
35542,ang
35547,sad
35548,ang
35550,ang
35551,sad
35553,neu
35555,sad
35556,hap
35558,neu
35561,hap
35563,sad
36906,fea
36908,sad
36912,sad
36913,fea
36915,sad
36922,neu
36923,sad
36925,sad
36931,sur
36932,dis
36938,fea
36940,dis
36943,sad
36944,sad
36946,sad
36949,sur
36951,sad
36952,ang
36954,dis
36964,neu
36967,ang
36971,ang
36982,ang
36984,neu
36985,neu
36988,sad
36991,neu
36994,sur
36998,hap
37000,sad
37001,sur
37002,fea
37003,sad
37004,sad
37013,sad
37015,dis
37016,ang
37018,ang
37019,sad
37021,sad
37024,sad
37026,sad
37029,sur
37041,sad
37048,fea
37054,dis
37058,ang
37064,neu
37065,sur
37066,ang
37069,sad
37077,ang
37078,fea
37079,ang
37080,fea
37083,neu
37085,fea
37089,sur
37098,sad
37099,sad
37100,sur
37103,sad
37104,sad
37108,ang
37113,sur
37116,ang
37120,fea
37121,ang
37123,neu
37129,fea
37134,sur
37141,sad
37144,sur
37149,ang
37152,ang
37154,neu
37156,ang
37160,sad
37161,sad
37162,fea
37168,neu
37169,sur
37179,sad
37182,ang
37183,sur
37184,fea
37185,hap
37187,sad
37189,fea
37190,hap
37193,sur
37195,hap
37196,neu
37200,hap
37201,sad
37202,sad
37204,sad
37207,fea
37211,dis
37215,hap
37217,fea
37220,sad
37228,sur
37229,fea
37234,neu
37239,sur
37240,neu
37243,sur
37244,hap
37248,dis
37250,ang
37251,dis
37252,hap
47445,dis
47446,sad
47450,sur
47452,neu
47456,sad
47459,hap
47465,hap
47467,hap
47468,hap
47475,sad
47477,hap
47479,ang
47480,sur
47482,hap
47487,hap
47490,hap
47491,sad
47493,ang
47494,neu
47500,hap
47503,hap
47507,ang
47508,hap
47511,sad
47513,hap
47520,ang
47528,ang
47537,sur
47538,hap
47539,neu
47541,ang
47542,ang
47543,hap
47547,neu
47549,ang
47552,hap
47556,hap
47562,sur
47564,hap
47571,neu
47576,ang
47580,hap
47582,sad
47585,fea
47588,hap
47589,hap
47600,sad
47604,sur
47607,sad
47610,hap
47614,fea
47619,ang
47620,hap
47626,ang
47628,sur
47629,hap
47633,ang
47634,hap
47637,sur
47647,ang
47652,neu
47654,sur
47657,hap
47659,sad
47660,dis
47663,sad
47664,hap
47669,hap
47671,hap
47673,ang
47674,ang
47678,hap
47682,ang
47683,hap
47684,sad
47685,hap
47686,dis
47690,neu
47694,hap
47695,hap
47703,ang
47705,hap
47706,hap
47707,sad
47709,dis
47710,ang
47712,fea
47713,hap
47714,dis
47719,sad
47725,dis
47726,dis
47727,hap
47728,hap
47729,sad
47730,sur
47731,ang
47738,ang
47741,hap
47747,dis
47748,hap
47750,sad
47751,sur
47752,ang
47753,dis
47756,neu
47757,sad
47759,dis
47762,hap
47763,neu
47764,sad
47765,sur
47767,hap
47769,hap
47770,neu
47772,sur
47773,ang
47777,hap
47781,hap
47782,hap
47783,hap
47784,hap
47785,fea
47787,ang
47790,hap
47791,neu
47792,hap
47794,hap
47799,hap
47802,hap
47804,ang
47807,hap
47809,ang
47811,neu
47820,hap
47821,sad
47830,fea
47832,hap
47833,neu
47835,hap
47836,hap
47837,sad
47843,sad
47845,sur
47848,hap
47849,ang
47855,sad
47861,ang
49144,ang
49147,hap
49151,neu
49152,neu
49155,sur
49156,neu
49162,dis
49170,sad
49171,sur
49173,dis
49181,sad
49183,sad
49188,neu
49192,sur
49196,hap
49197,dis
49199,dis
49209,dis
49215,neu
49221,ang
49224,neu
49225,hap
49226,neu
49231,hap
49233,hap
49237,dis
49246,neu
49251,sad
49252,neu
49253,neu
49262,fea
49267,dis
49268,sad
49269,sad
49270,fea
49271,ang
49274,ang
49276,fea
49278,dis
49280,hap
49283,dis
49285,dis
49299,ang
49300,fea
49301,hap
49322,hap
49327,sad
49328,hap
49332,fea
49333,ang
49335,sad
49339,sur
49341,neu
49342,neu
49346,fea
49348,neu
49349,neu
49352,sad
49355,neu
49356,sad
49357,hap
49358,sad
49359,neu
49363,sad
49364,hap
49368,ang
49373,sad
49376,sad
49378,neu
49380,sad
49382,ang
49385,hap
49387,sad
49389,dis
49390,sad
49391,fea
49392,dis
49393,neu
49396,dis
49397,neu
49400,neu
49401,sad
49402,sur
49408,sad
49409,ang
49410,dis
49412,fea
49416,hap
49417,sad
49418,sad
49419,ang
49425,sad
49427,hap
49432,neu
49433,sad
49435,ang
49440,sad
49444,dis
49451,sur
49457,sad
49459,ang
49462,neu
49464,neu
49470,neu
49471,ang
49474,neu
49479,sad
49483,dis
49490,hap
49493,fea
49496,hap
49502,sad
49503,sad
49504,sad
49505,sur
49507,neu
49509,fea
49511,sur
49516,sad
49517,fea
49518,sad
49519,ang
49521,sur
49523,dis
49527,sad
49528,dis
49532,neu
49538,fea
49545,neu
49547,sad
49553,sad
49554,dis
49558,sad
49562,sad
49565,neu
49566,hap
49569,ang
49570,hap
49571,sad
49573,neu
49574,neu
49575,fea
49577,sad
49579,sad
49580,sad
49585,dis
49586,sad
49587,sad
49595,neu
49597,sad
49600,sad
49601,sad
49603,dis
49608,neu
49612,neu
51495,sad
51501,neu
51502,ang
51507,fea
51510,sad
51511,hap
51514,sur
51516,neu
51517,neu
51523,dis
51524,sur
51529,ang
51536,ang
51537,sur
51540,fea
51542,sur
51543,sur
51544,neu
51545,sad
51547,sad
51549,dis
51552,sad
51561,sad
51563,sur
51564,ang
51566,sur
51568,hap
51577,sur
51582,dis
51583,hap
51585,ang
51586,hap
51587,dis
51594,sad
51596,sad
51598,sur
51601,sad
51602,neu
51603,sur
51604,sad
51607,ang
51610,fea
51614,dis
51615,sur
51616,hap
51618,ang
51623,hap
51624,neu
51625,sad
51627,ang
51628,fea
51629,fea
51633,sur
51636,sur
51638,sad
51641,ang
51645,dis
51647,sur
51648,sad
51651,sad
51652,sur
51653,neu
51657,sur
51659,sur
51661,sur
51665,hap
51666,hap
51667,hap
51672,hap
51676,neu
51681,sad
51684,ang
51685,ang
51686,sad
51687,sad
51689,sur
51690,dis
51694,neu
51709,sad
51710,sur
51712,sad
51716,sad
51717,sur
51719,sad
51722,neu
51724,dis
51725,neu
51726,ang
51728,hap
51729,dis
51730,sad
51732,ang
51734,ang
51738,sur
51744,sad
51747,ang
51748,ang
51752,sur
51764,sur
51765,sad
51767,sad
51768,ang
51769,fea
51772,sad
51774,sad
51775,neu
51777,neu
51781,sur
51787,sur
51790,sur
51791,sad
51795,sur
51797,dis
51802,ang
51807,sad
51809,ang
51819,hap
51821,sad
51822,sad
51823,ang
51824,neu
51825,sad
51826,sad
51828,sad
51829,sur
51837,dis
51838,dis
51839,ang
51847,sur
51848,hap
51850,sad
51851,fea
51853,dis
51856,ang
51859,sur
51863,ang
51867,neu
51868,sad
51869,neu
51871,neu
51873,sad
51874,sad
51880,sur
51881,hap
51882,dis
140,hap
143,hap
150,sur
152,ang
153,hap
156,sur
159,hap
161,hap
164,ang
171,sur
176,sur
184,sur
186,sur
189,sur
196,sur
199,ang
200,sur
204,neu
206,neu
209,neu
210,ang
216,neu
217,ang
219,neu
222,neu
225,neu
226,dis
227,neu
235,ang
242,fea
243,fea
251,dis
255,sad
256,sur
258,ang
259,sur
260,sur
263,sur
266,ang
269,dis
270,ang
273,ang
274,fea
276,ang
283,dis
284,hap
285,sur
287,dis
290,ang
293,ang
294,ang
299,ang
300,ang
301,ang
304,ang
306,ang
307,ang
313,ang
317,ang
323,ang
327,sad
328,sad
331,sad
336,ang
341,sad
344,sur
345,dis
348,sad
349,dis
357,sur
358,dis
1681,sad
1684,hap
1686,hap
1688,sur
1689,sur
1697,sur
1703,neu
1708,neu
1710,sad
1712,fea
1713,fea
1715,sad
1719,fea
1724,dis
1728,dis
1730,dis
1732,ang
1734,ang
1737,ang
1738,ang
1739,sur
1742,sad
1745,sad
1746,sad
1748,sad
1978,hap
1982,sur
1983,hap
1984,fea
1986,ang
1988,fea
1992,ang
1993,ang
1995,sur
1999,sur
2000,neu
2002,sur
2005,sur
2007,sur
2010,neu
2012,neu
2013,neu
2020,neu
2021,neu
2028,fea
2031,fea
2036,fea
2041,fea
2045,dis
2046,dis
2056,fea
2057,ang
2064,ang
2068,ang
2072,ang
2074,ang
2079,ang
2080,ang
2081,sad
2084,sad
2087,sad
2090,sad
2092,sad
2200,hap
2207,hap
2209,dis
2219,sur
2234,neu
2238,neu
2239,neu
2247,neu
2251,fea
2254,sad
2255,sad
2260,fea
2261,sad
2263,sad
2264,sad
2268,ang
2270,dis
2272,dis
2273,dis
2282,dis
2284,ang
2285,dis
2287,ang
2289,ang
2294,dis
2296,ang
2300,neu
2301,sad
2306,sad
2310,sad
2317,sad
2437,hap
2441,neu
2442,neu
2443,sad
2445,sur
2448,hap
2449,neu
2450,sad
2453,dis
2455,sur
2460,ang
2461,sur
2462,sur
2463,ang
2467,sur
2469,sur
2473,neu
2474,dis
2475,neu
2477,neu
2487,fea
2492,neu
2502,dis
2506,dis
2508,dis
2511,neu
2520,sur
2522,ang
2523,ang
2524,ang
2527,ang
2531,ang
2533,ang
2537,ang
2540,sad
2542,sad
2544,sad
2545,sad
2547,sad
2552,sad
6220,hap
6222,hap
6224,hap
6225,hap
6239,sur
6245,sur
6250,neu
6251,neu
6252,neu
6253,neu
6257,sad
6258,neu
6261,neu
6262,hap
6263,hap
6266,fea
6272,ang
6275,ang
6277,fea
6279,dis
6281,dis
6286,dis
6291,dis
6294,ang
6296,ang
6297,ang
6300,ang
6302,ang
6305,ang
6310,sad
6311,sad
6314,sad
6320,sad
8322,sad
8331,hap
8333,hap
8334,hap
8336,sur
8337,sur
8338,sur
8340,sur
8341,ang
8342,dis
8344,sur
8345,sur
8352,sur
8355,sur
8356,neu
8360,neu
8365,dis
8368,fea
8369,sad
8370,fea
8374,sad
8377,fea
8378,sad
8380,sad
8382,ang
8386,dis
8389,sur
8391,dis
8392,sur
8395,dis
8396,ang
8400,ang
8402,ang
8407,sur
8409,ang
8410,ang
8412,sad
8413,sad
8423,sad
9722,ang
9725,sad
9729,hap
9730,hap
9731,ang
9735,hap
9736,ang
9737,sur
9741,sur
9744,sur
9746,sur
9747,sur
9748,ang
9749,sur
9752,neu
9753,neu
9758,neu
9759,neu
9760,neu
9762,neu
9764,sad
9768,dis
9769,sad
9771,ang
9775,fea
9778,fea
9779,fea
9780,sad
9781,ang
9782,sad
9788,dis
9790,ang
9791,dis
9792,dis
9793,dis
9801,ang
9802,ang
9803,ang
9804,ang
9808,ang
9811,dis
9814,sad
9817,sad
9819,hap
9820,sad
9821,sad
9824,sad
10036,hap
10038,hap
10040,hap
10043,hap
10044,hap
10047,hap
10048,hap
10049,hap
10053,sur
10054,sur
10055,sur
10056,sur
10057,sur
10060,sur
10061,sur
10062,sur
10066,neu
10068,dis
10072,neu
10073,neu
10074,neu
10081,fea
10086,fea
10087,fea
10089,fea
10090,sur
10091,fea
10094,fea
10100,dis
10103,neu
10109,dis
10110,dis
10112,neu
10118,ang
10119,ang
10121,ang
10129,sad
10140,sad
10144,hap
10147,hap
10151,sur
10159,sur
10164,sur
10168,sur
10169,sur
10171,neu
10173,neu
10180,sur
10184,neu
10188,fea
10197,fea
10206,dis
10208,dis
10210,fea
10211,dis
10213,dis
10215,dis
10219,ang
10221,ang
10230,ang
10232,sad
10234,sad
10236,sad
10240,sad
10241,sad
10243,sad
10244,sad
10245,sad
11170,ang
11176,sur
11178,sad
11179,sad
11180,sad
11183,sur
11192,neu
11196,neu
11199,neu
11206,hap
11212,dis
11215,sad
11216,dis
11217,sad
11218,ang
11222,hap
11235,fea
11237,sad
11239,sur
11240,dis
11241,hap
11247,sur
11251,neu
11259,hap
11261,sad
11262,fea
11264,hap
11265,neu
11266,sad
11269,fea
11272,sad
11273,sad
11275,ang
11276,fea
11277,sur
11279,neu
11288,sur
11295,sur
11298,sad
11302,sur
11304,neu
11312,neu
11313,hap
11315,fea
11316,sur
11318,neu
11324,sur
11326,fea
11327,sad
11328,sad
11339,dis
11342,neu
11345,ang
11348,sad
11362,hap
11366,ang
11367,ang
11368,ang
11371,sad
11378,neu
11379,sur
11383,sad
11384,hap
11385,ang
11386,sur
11389,neu
11391,dis
11393,sur
11396,sad
11401,dis
11410,sur
11413,fea
11416,sur
11418,neu
11421,sur
11433,hap
11437,sur
11445,ang
11448,dis
11452,fea
11455,dis
11458,sur
11463,sur
11465,fea
11466,dis
11468,sad
11469,dis
11471,sur
11473,ang
11476,sad
11483,hap
11485,ang
11498,sur
11502,hap
11505,sur
11506,ang
11509,hap
11511,sad
11516,neu
11518,ang
11519,sur
11524,neu
11525,sur
11531,ang
11532,ang
11535,dis
11536,hap
11537,ang
11544,ang
11547,fea
11548,sad
11549,sur
11550,ang
11551,sur
11552,dis
11554,ang
11555,ang
11557,dis
11566,dis
11567,hap
11569,sur
11573,sad
11576,sur
11586,sur
11600,ang
11602,hap
11603,sad
11605,dis
11606,neu
11612,sur
11616,ang
11620,sad
11626,sad
11629,sur
11634,sur
11636,sur
14460,sad
14464,dis
14466,sad
14468,fea
14470,neu
14471,sad
14473,ang
14474,fea
14481,neu
14482,neu
14487,hap
14491,neu
14500,sur
14504,hap
14512,neu
14517,fea
14519,sad
14521,sur
14527,sad
14543,hap
14545,sad
14550,neu
14553,hap
14555,neu
14557,sad
14558,dis
14559,fea
14560,hap
14563,sur
14567,hap
14570,sur
14572,sur
14574,hap
14576,sad
14579,fea
14584,ang
14588,hap
14591,ang
14594,ang
14598,sur
14603,neu
14604,hap
14605,dis
14607,dis
14608,fea
14610,sur
14611,fea
14619,hap
14620,ang
14621,hap
14627,sur
14630,hap
14632,sad
14633,hap
14635,neu
14637,hap
14638,neu
14644,hap
14649,ang
14653,hap
14655,dis
14659,neu
14660,sad
14661,hap
14663,dis
14667,neu
14670,sad
14673,neu
14676,ang
14677,sad
14679,hap
14686,neu
14688,ang
14691,fea
14692,sur
14694,sad
14695,sad
14696,neu
14701,sad
14705,fea
14706,sad
14708,neu
14709,sad
14711,neu
14714,neu
14719,neu
14721,hap
14722,ang
14729,neu
14731,sur
14732,ang
14738,sur
14739,ang
14742,hap
14752,ang
14753,ang
14758,neu
14759,sur
14765,neu
14767,ang
14769,ang
14770,hap
14771,sad
14772,sad
14773,sur
14775,sad
14777,hap
14778,neu
14779,sad
14780,sur
14781,hap
14782,ang
14783,sad
14784,hap
14785,sad
14790,fea
14791,neu
14795,sad
14798,hap
14800,sad
14801,sur
14804,sur
14806,neu
14813,sad
14814,fea
14815,hap
14816,fea
14819,sad
14820,hap
14822,sad
14829,neu
14831,sad
14836,neu
14840,sad
14842,hap
14843,sad
14848,sad
14854,ang
14855,sad
14858,hap
14863,sad
14864,dis
14867,sad
14871,hap
14875,fea
14878,sad
14881,neu
14884,sur
14888,sad
14891,hap
14894,dis
14897,ang
14903,sad
14904,neu
14906,sad
14907,hap
14908,sad
14914,neu
14916,sad
14919,sur
14922,sad
14925,ang
26838,dis
26840,ang
26843,sad
26851,ang
26852,ang
26853,neu
26858,sur
26859,sad
26863,dis
26867,neu
26872,ang
26874,ang
26876,neu
26878,ang
26879,sur
26885,sad
26886,sur
26887,sad
26890,sur
26893,sur
26895,ang
26899,sad
26901,sad
26904,sur
26908,sur
26911,sad
26912,dis
26913,dis
26920,sad
26921,sur
26923,sad
26925,dis
26927,ang
26936,neu
26945,dis
26946,dis
26950,ang
26951,dis
26956,dis
26958,neu
26959,sad
26963,sur
26965,ang
26966,sur
26970,dis
26977,sur
26981,sad
26983,dis
26985,ang
26986,sur
26987,sad
26990,sad
26995,sad
26997,sad
26998,sur
27001,sad
27005,sur
27007,dis
27009,dis
27012,dis
27013,ang
27014,sur
27020,fea
27023,neu
27024,sad
27026,ang
27031,dis
27033,sur
27034,sur
27036,fea
27047,ang
27051,hap
27053,dis
27054,fea
27060,sad
27061,sur
27062,dis
27066,ang
27068,sur
27070,sad
27073,sad
27078,dis
27081,dis
27082,dis
27085,dis
27087,neu
27089,sur
27091,fea
27092,sur
27093,ang
27096,ang
27103,neu
27105,dis
27106,sad
27108,sad
27110,ang
27111,ang
27112,dis
27114,ang
27119,ang
27121,sur
27122,neu
27128,sad
27130,fea
27131,ang
27132,ang
27133,sur
27134,ang
27137,sad
27140,fea
27143,sad
27152,dis
27155,dis
27156,sur
27159,ang
27164,neu
27165,sad
27166,ang
27168,sad
27172,sad
27175,sad
27176,sad
27183,sur
27187,sur
27189,neu
27192,sad
27193,dis
27196,neu
27202,neu
27215,dis
27219,sad
27225,neu
27226,dis
27237,sad
27238,ang
27242,dis
27244,sad
27245,dis
27247,sad
27248,ang
27250,ang
27254,dis
27258,neu
27259,ang
27261,dis
27263,ang
27267,sad
27268,ang
27271,sad
27286,fea
27288,ang
27295,sad
27297,ang
27299,sad
27302,ang
27303,sad
27307,ang
27777,fea
27778,sad
27784,sur
27786,sad
27790,sur
27792,ang
27798,sur
27806,sad
27807,fea
27810,sad
27812,sad
27813,hap
27814,fea
27819,ang
27821,fea
27823,hap
27828,fea
27831,sad
27837,dis
27840,ang
27842,ang
27843,hap
27844,sad
27847,fea
27848,neu
27850,neu
27852,fea
27858,sad
27859,sad
27864,ang
27866,sad
27872,sad
27873,sad
27876,ang
27877,fea
27878,hap
27879,sad
27881,sur
27883,dis
27889,sur
27895,sur
27898,sad
27901,neu
27903,ang
27906,hap
27910,fea
27914,neu
27915,fea
27921,neu
27929,sad
27930,sur
27931,dis
27932,sad
27933,fea
27934,hap
27938,sad
27939,neu
27940,dis
27943,sad
27945,fea
27946,ang
27947,dis
27948,hap
27951,sur
27955,sad
27956,dis
27959,ang
27960,sad
27962,neu
27963,hap
27964,neu
27970,sad
27973,sad
27974,sad
27979,fea
27980,ang
27982,sad
27985,sad
27986,ang
27990,neu
27991,neu
27995,dis
27997,hap
28000,sur
28003,fea
28004,fea
28005,neu
28006,sad
28008,sur
28013,sad
28015,ang
28017,fea
28018,hap
28021,fea
28023,sad
28025,neu
28030,neu
28032,sad
28036,sad
28037,dis
28041,fea
28044,dis
28052,hap
28056,sur
28063,sur
28064,sad
28068,sad
28071,sad
28072,sad
28073,sur
28075,sad
28076,sur
28080,fea
28082,neu
28084,sur
28086,dis
28087,ang
28092,neu
28101,fea
28107,sur
28109,sad
28110,neu
28112,sur
28120,ang
28124,neu
28125,sad
28127,hap
28129,neu
28130,sur
28135,sad
28137,dis
28140,sur
28141,sad
28145,sad
28146,dis
28148,dis
28151,neu
28153,hap
28154,hap
28155,fea
28161,fea
28162,hap
28163,sad
28167,fea
28168,hap
28170,sad
28172,neu
28175,hap
28176,sad
28177,neu
28179,neu
28182,sad
28186,hap
28187,sur
28191,neu
28192,fea
28193,fea
29140,sad
29143,sur
29144,ang
29147,hap
29148,dis
29155,neu
29156,sad
29158,fea
29159,ang
29163,sad
29164,sur
29166,hap
29167,sad
29169,neu
29172,ang
29175,hap
29184,sur
29185,ang
29187,dis
29188,dis
29189,sad
29195,neu
29197,sad
29198,sur
29200,neu
29206,dis
29207,fea
29209,neu
29213,sad
29214,fea
29215,ang
29218,neu
29219,fea
29223,neu
29230,hap
29231,sad
29233,neu
29235,neu
29239,neu
29244,neu
29252,sad
29256,sad
29258,sad
29260,fea
29263,fea
29265,ang
29275,ang
29281,sad
29282,ang
29283,sad
29285,hap
29288,sur
29289,hap
29291,sad
29295,neu
29298,fea
29299,neu
29300,neu
29301,fea
29302,sur
29304,dis
29306,neu
29308,sad
29311,sad
29313,hap
29315,neu
29317,hap
29318,neu
29321,neu
29323,ang
29324,ang
29326,neu
29332,ang
29335,neu
29338,sur
29342,dis
29343,sad
29344,sad
29348,hap
29351,sad
29352,ang
29354,sad
29355,sur
29356,sad
29363,sad
29366,neu
29368,ang
29369,sad
29372,neu
29373,ang
29374,ang
29378,fea
29380,ang
29381,ang
29382,fea
29384,sad
29387,ang
29392,sad
29394,ang
29397,ang
29398,neu
29402,ang
29404,hap
29406,neu
29407,dis
29409,ang
29411,dis
29415,ang
29420,sad
29428,hap
29429,ang
29430,neu
29433,neu
29434,neu
29435,sur
29436,ang
29437,sad
29440,neu
29444,neu
29451,ang
29453,hap
29455,sad
29457,sur
29459,sad
29461,sad
29465,dis
29467,hap
29477,fea
29491,ang
29492,ang
29498,fea
29502,neu
29504,ang
29505,ang
29509,dis
29511,sad
29514,dis
29518,neu
29519,ang
29521,ang
29523,sad
29525,fea
29526,ang
29532,hap
29533,neu
29536,sad
29537,sad
29538,neu
29540,ang
29542,hap
29544,dis
29546,fea
29553,neu
29557,neu
29564,sad
29565,sur
29567,sur
29568,neu
29569,dis
29570,sad
29572,sad
29575,neu
29579,sad
29582,sad
29584,sad
29586,sur
29588,sad
29591,neu
29595,sad
29598,neu
29602,dis
29603,dis
35094,ang
35095,fea
35099,sad
35102,dis
35106,dis
35108,ang
35111,neu
35115,ang
35119,neu
35126,fea
35127,sad
35136,ang
35140,neu
35142,sur
35145,sad
35149,fea
35150,neu
35153,hap
35154,hap
35155,fea
35157,fea
35162,sad
35163,fea
35167,ang
35168,sur
35173,dis
35178,fea
35181,hap
35183,neu
35184,sur
35189,fea
35193,sur
35198,sur
35199,ang
35203,hap
35209,hap
35214,ang
35215,sad
35219,sur
35220,sad
35225,sur
35228,fea
35230,dis
35234,ang
35237,neu
35242,sad
35244,hap
35245,neu
35247,sur
35251,sad
35252,neu
35254,sur
35256,sur
35257,neu
35258,neu
35261,sur
35263,ang
35265,neu
35267,sad
35269,ang
35273,neu
35274,sad
35278,sad
35279,hap
35280,neu
35281,ang
35286,hap
35287,neu
35288,neu
35292,sur
35295,hap
35296,fea
35297,ang
35299,ang
35302,sad
35303,fea
35304,sur
35306,fea
35311,fea
35313,neu
35315,neu
35318,neu
35321,sad
35322,neu
35331,fea
35333,dis
35340,dis
35342,hap
35345,sad
35349,hap
35350,hap
35352,ang
35353,dis
35354,neu
35355,neu
35361,dis
35363,hap
35375,dis
35378,neu
35379,hap
35381,dis
35390,fea
35391,ang
35394,neu
35395,sad
35397,sad
35398,hap
35399,neu
35401,neu
35404,fea
35407,ang
35408,ang
35421,neu
35424,sad
35425,fea
35428,dis
35429,sur
35430,neu
35432,neu
35436,ang
35439,fea
35440,sur
35441,sur
35446,fea
35447,hap
35448,sad
35453,hap
35455,sur
35457,neu
35460,ang
35463,sur
35466,sad
35467,neu
35472,dis
35474,dis
35475,neu
35478,ang
35481,hap
35482,hap
35484,ang
35487,hap
35488,sad
35491,hap
35492,neu
35498,hap
35504,ang
35505,dis
35510,sad
35520,neu
35521,sad
35525,neu
35532,ang
35535,sad
35536,ang
35538,neu
35540,dis
35541,ang
35545,neu
35546,neu
35549,neu
35559,ang
36904,dis
36909,sad
36910,sur
36914,hap
36916,sad
36917,fea
36919,dis
36927,ang
36928,hap
36929,fea
36930,ang
36936,neu
36937,ang
36939,ang
36942,hap
36948,sad
36953,neu
36955,dis
36958,sad
36959,dis
36962,fea
36963,fea
36965,sad
36969,sur
36972,sad
36976,ang
36979,sad
36986,sad
36987,sur
36993,dis
36996,fea
36999,ang
37006,sur
37007,sad
37009,ang
37017,sad
37020,sad
37023,dis
37025,sur
37032,sur
37034,neu
37036,sur
37039,sad
37040,sad
37042,sad
37043,neu
37046,sur
37047,hap
37049,neu
37050,sur
37052,sur
37053,sur
37055,fea
37057,sur
37061,hap
37063,sad
37068,hap
37070,dis
37071,fea
37072,fea
37073,ang
37075,hap
37076,sad
37082,sur
37084,neu
37091,sad
37092,fea
37093,hap
37095,fea
37096,neu
37097,neu
37101,dis
37105,sad
37107,ang
37109,ang
37110,ang
37111,sad
37112,sad
37114,sad
37117,hap
37119,neu
37122,sad
37124,sur
37125,neu
37126,sad
37127,sad
37130,fea
37131,neu
37132,sad
37138,neu
37139,sur
37142,sad
37145,hap
37146,neu
37147,sad
37148,fea
37150,dis
37151,fea
37153,dis
37158,ang
37159,neu
37165,sur
37166,hap
37167,fea
37170,fea
37173,ang
37174,dis
37175,sad
37176,ang
37177,fea
37178,fea
37181,sur
37194,sad
37199,sur
37205,sad
37206,dis
37212,fea
37214,fea
37218,sur
37221,dis
37222,sad
37235,sad
37237,neu
37238,hap
37241,sad
37247,neu
47444,sur
47447,hap
47448,sur
47451,ang
47453,fea
47457,ang
47458,ang
47460,fea
47461,hap
47463,neu
47469,ang
47470,neu
47476,sad
47478,sur
47483,sad
47492,sur
47495,hap
47496,hap
47501,hap
47510,hap
47512,hap
47516,fea
47519,sad
47522,hap
47523,fea
47524,hap
47525,hap
47529,neu
47531,hap
47535,ang
47540,sad
47548,ang
47550,dis
47554,sad
47555,hap
47558,fea
47559,hap
47561,sad
47566,hap
47567,sur
47568,sad
47570,ang
47572,dis
47575,fea
47577,ang
47581,hap
47583,dis
47584,hap
47587,hap
47591,hap
47594,hap
47596,neu
47606,hap
47609,hap
47613,hap
47615,hap
47618,sur
47622,hap
47623,neu
47624,sad
47625,sur
47635,fea
47636,hap
47638,sad
47641,neu
47643,hap
47646,hap
47649,fea
47650,hap
47651,hap
47655,hap
47656,sur
47661,ang
47665,fea
47670,sur
47675,neu
47679,hap
47680,ang
47681,sur
47691,fea
47692,hap
47696,dis
47698,fea
47702,sur
47704,neu
47711,fea
47716,sur
47720,neu
47723,sur
47733,sad
47734,hap
47735,neu
47736,sad
47737,ang
47740,fea
47743,fea
47745,ang
47746,dis
47754,dis
47755,hap
47758,ang
47774,neu
47775,fea
47776,hap
47779,sur
47780,ang
47786,sur
47788,dis
47789,fea
47798,hap
47803,neu
47805,sur
47806,hap
47808,sur
47812,ang
47813,dis
47815,hap
47818,sad
47822,sad
47823,hap
47824,dis
47825,sad
47829,hap
47838,hap
47844,sad
47846,hap
47852,fea
47856,sur
47858,dis
49145,dis
49149,sad
49153,fea
49158,neu
49161,sad
49164,ang
49165,dis
49166,sad
49167,sad
49169,neu
49177,sad
49178,sur
49179,hap
49182,sad
49184,neu
49185,dis
49191,sad
49195,sad
49200,sad
49201,ang
49202,sad
49203,hap
49205,sad
49207,ang
49208,ang
49212,sad
49217,neu
49223,sad
49227,sur
49228,sad
49229,sad
49230,fea
49232,ang
49235,ang
49236,neu
49238,neu
49240,hap
49244,sad
49249,ang
49250,sad
49254,sad
49255,sad
49256,sad
49260,hap
49261,neu
49263,ang
49264,dis
49265,sad
49266,hap
49272,ang
49277,neu
49281,sad
49282,sad
49288,dis
49290,neu
49291,fea
49292,neu
49295,ang
49296,sad
49302,neu
49303,sad
49306,ang
49307,sad
49308,neu
49309,ang
49310,neu
49311,dis
49317,sad
49319,sad
49320,dis
49323,sad
49324,sad
49326,neu
49329,sad
49330,ang
49334,dis
49336,hap
49337,neu
49338,ang
49343,fea
49347,ang
49354,ang
49361,fea
49365,neu
49369,sad
49371,hap
49374,sad
49379,neu
49384,sad
49388,sur
49398,fea
49405,neu
49406,hap
49407,sad
49411,sad
49413,dis
49415,neu
49421,sur
49423,sur
49424,neu
49426,sur
49429,neu
49430,sur
49434,hap
49445,sad
49450,sad
49454,sad
49456,fea
49458,sur
49461,dis
49466,sad
49467,sad
49472,sad
49473,sad
49475,neu
49476,hap
49477,sad
49478,sad
49482,fea
49484,neu
49485,sad
49486,sur
49487,ang
49491,neu
49494,ang
49498,sad
49500,sad
49501,dis
49506,sad
49510,sad
49520,neu
49524,ang
49525,sad
49526,hap
49530,dis
49531,sad
49533,sad
49539,ang
49542,sad
49543,sad
49548,sad
49551,sad
49552,neu
49556,neu
49559,sad
49560,ang
49561,hap
49563,fea
49564,neu
49576,neu
49578,ang
49583,dis
49589,sad
49590,sad
49592,sur
49593,neu
49594,sad
49596,neu
49606,neu
49610,ang
49611,sad
49613,sad
51494,ang
51496,sur
51497,dis
51505,dis
51506,sad
51509,sad
51512,sur
51513,sad
51515,dis
51519,sur
51520,sad
51521,sur
51526,dis
51528,dis
51532,hap
51535,fea
51538,fea
51539,hap
51541,sad
51550,ang
51553,hap
51558,ang
51560,neu
51569,sad
51574,neu
51576,sad
51578,ang
51581,hap
51584,sur
51589,ang
51592,ang
51593,sad
51597,sad
51599,sad
51608,fea
51609,hap
51612,sur
51622,fea
51626,sur
51630,dis
51631,sur
51632,dis
51635,dis
51639,sad
51643,sad
51650,ang
51656,sad
51660,sad
51662,neu
51664,sad
51670,dis
51674,sad
51678,sad
51679,hap
51680,hap
51682,neu
51683,ang
51691,dis
51692,sad
51698,dis
51699,sur
51700,hap
51701,hap
51702,sad
51703,sad
51707,sad
51708,sad
51713,ang
51714,hap
51720,sad
51721,sur
51731,sad
51733,ang
51735,hap
51737,dis
51739,ang
51740,dis
51745,neu
51749,hap
51751,ang
51754,ang
51758,neu
51771,sad
51778,neu
51785,sur
51798,hap
51800,sad
51803,ang
51804,neu
51805,neu
51806,hap
51810,dis
51817,sad
51820,sur
51827,ang
51834,sad
51835,sad
51836,sur
51841,dis
51849,sad
51854,fea
51855,fea
51864,neu
51872,sad
51875,sad
51876,hap
51877,fea
51884,sur
51886,sad
51887,sad
51888,hap
